#,Label,Predict label,Comment
1,1,0,someon add facebook feed drive applied. think uber lyft need order driver them. includ social secur number background check. coupl dai email tell drive good citi country. hei avoid peopl sign elig resid states? otherwis steal people' ident
2,0,0,"thi app product multi-task phone. respond texts, manag phone notif see, easili insert photo phone document work computer. veri better."
3,0,0,great app useful
4,0,0,thi app amazing. some peopl bad rate idk why. It work perfectly. connect easi pie work text call notif (veri lose phone (which lot) help lazi grab phone) amaz app love it. here quock suggest devs. you add abik manag phone easili 6 star app.
5,0,0,it' great brows pc notification.
6,1,0,help tool connect secur microsoft os. don't third-parti apps.
7,1,0,it' wanted. the awesom galleri design encount good level secur privacy. it' entertain app üòãüòãüòãüòéüòéüòéüëåüëåüí™üëçüëç
8,0,0,"simple, useful."
9,0,0,jiji peopl busi comfort house. but secur measur place cc check mate hacker kidnappers.
10,0,0,"thi ap freez relaunch slow phone down. It drain batteri life leav running. update: thei fix ap. It bog phone relaunch kill minim it. edit: januari 2020 ap fixed. last updat 9 month ago? TD ameritrad asham produc garbag ap updat 9 month bug, add featur secur flaws."
11,0,0,us
12,1,0,phone issu since. icon disappear computer. can't print email phone either. chang anything. print function stop work sync devices. thi mess stuff up. tri uninstal app resolv issu phone me. hit uninstal ask update. side note...thi feel access phone privaci
13,0,0,for easi use.
14,0,0,easi
15,1,0,got all pic doc cell save hard drive. easi backup transfer. quick well.
16,1,1,"new app jump i'm read pop up' ad load make difficult read news. it' basic simpl app anymore. also, longer share stori simpl link. the app requir 3rd parti access contact obviou privaci reasons. new 9 i'll move app easi again."
17,0,0,"clunki clumsy. todai time it. after mildli pain success orders, todai enter credit card secur code, enter it. need reorder shortcut main page. when reorder something, ""start order"", unintuit clock bag. just checkout i'll adjust order to. bad user experiences."
18,0,0,"not function china. ""lite"" version escap bloat mainland version, straightli refus not. even vpn."
19,0,0,have lot bugs. longer collect coin plant check recommendations. pleas
20,1,0,"with 23 built tracker track life fine detail worst app privaci plai store. app automatically, recogn activ send data compani anytim wants."
21,1,0,"brilliant app. free place ad good messag app built interactoon buyer sellers. also, kyc dilig secur transact platform."
22,0,0,"like app far. come great connect phone laptop. So phone me, receiv call text pc."
23,0,0,amaz phone charg
24,0,1,us applic
25,1,0,"thi 60mb app toothbrush requir gp permissions.  along calendar (why?), contact (why?), location, phone, storag other.  why toothbrush app invad privacy?  call tech support ask why. rolanda told requir featur mail brush head bui philips. ask ship address checkout yes. So gp permissions, right? My toothbrush toothbrush app not gps. toothbrush access gps.  ever! how ridiculous! philips, remov gp requir app!!"
26,0,0,us
27,0,0,"the applic good. however, detect camera includ othet secur camera meant road traffic."
28,0,0,us esai
29,0,0,"easi use. on improved, read email phone updat app, ad delet move inbox. A annoi busi dai"
30,0,0,"So good! just start today, feel secur know sensit stuff app spend monei lock up. thanks, developers!"
31,0,0,"love app. but yesterdai It suggest microsoft chang secur set pc, did. immedi messag phone app PC connect motorola cell phone. search set caus problem. txt cell PC send txt pc. help."
32,1,1,"when click button app' logo, take desktop style set taglin ""the gai program."" wish add screenshot. there actual peopl gimp. question secur too."
33,0,0,probabl worst app i'v used. suspend absolut reason happened. onli messag account disabl why. i'v lot peopl complain dev implememt (veri poorly) automat respons user messag (which rais lot privaci questions) disabl account report problem you. not recommend
34,0,0,app
35,0,0,"who design moron , brought bike month arriv problem send express deliveri"
36,0,0,"thi app scammers. i'v multipl peopl told need secur deposit ""save room me"". fortunatli end deposit. gonna app careful."
37,0,0,"veri conveni efficient. comput access notifications, send receiv text messages, phone calls. access imag folder phone, intern micro SD card, includung pictures, downloads, screenshots. wow!"
38,0,0,beauti user experi
39,0,0,"veri easi , ."
40,0,0,thi mac/io ecosystem pc/android
41,0,0,great app love text laptop. onli problem everytim send text laptop send messag twice.
42,0,0,"love fact text, phone notifications, pull pictur seamlessli phone surfac pro! awesom app!"
43,0,0,get text pc excellent.
44,0,0,"perfect way. final android phone everywhere. goodby skype, suck."
45,0,0,"incred smart, friendli"
46,0,0,"the app useless, suddenli log account. log again, detail order gone, unabl track item deliv status. ask solut feedback."
47,0,0,"wonderful app .. appli featur devic select devic , for proplem final permiss send notif .. link phone pc link work"
48,0,0,"thi app great agree, screen bigger, somehow. but, work sometimes. So security. like access phone anytim stop working. plus, i'd option remov statu bar pin code circl bigger.                                    overall, good app."
49,0,0,It cellphon tablet secur
50,0,0,good app but....th set  photo privaci - how set photo visibl peopl contacted/respond -   app login desktop. plz  needful.
51,0,0,"reall start app ""connects"" pc II send video pc uploading.stil learn"
52,0,0,"basic app password manag lack freatur offer opensourc app keypass. e.g: password copi true kei store clipboard replaced. the android app support firefox. In view, secur app support firefox os joke. cannot save gener password window password generator. ob copi password homescreen save."
53,0,0,us
54,0,0,"samsung galaxi a50 phone mode action activ auto permanently. anoth user try TO chang modifi email address password delet termin permanently. thi phone user announc privaci polici tram conditions, recours dashboard activ injustic illegal. So stopped. googl server overview, review chang samsung electron galaxi a50 smart phone _"
55,0,0,good app..but dont it..can me?
56,0,0,absolut great app samsung galaxi s21. you virtual phone window computer.
57,0,0,us one.
58,0,0,"never chang phone number goat take assist updat ingorm secur csnt yourself. becaus 2 factor cash current phone number file. email numer time assistance. also custom care sourced, prepar respons odd hours."
59,1,0,sign requir click month month birth. which invas privaci simpl app. what kind need? won't app. unistal now.
60,0,0,"app kinda work synch correctly. idea concept. the interfac connect phone work. hope screen cracked, login ms account occasionally. i'm secur condition. hope microsoft abandon app window phone. microsoft left hang deal. :("
61,0,0,"the worst app ever! download phone open it. when suppos used, app long time logo taobao nothing. moreover, taobao lite request access lot person information, work. what wast time!"
62,0,0,"thi easi app computer, sync time computer, can."
63,0,0,love it. No hook transfer
64,0,0,awesom app. alot tool
65,0,0,new user.
66,1,0,it. uninstal uncheck automat updat box. quit forc download phone dont need. you violat privacy. remov list now. everyon abil
67,1,0,why locat i'm headphones? invad privacy. delet app. update: email support/develop ask need locat permission. thei bother answer. that' week ago.
68,0,0,"enjoi vent part, search bar month app pretti difficult wanna specific. user experienc privaci bug well, love rate 5 star bug fixed."
69,0,0,thank connecting. had 1 star connecting. on hour persever worth phone connect enjoi eas devic work
70,0,0,"A app, it!!"
71,0,0,easi use.
72,0,0,absolut right secur
73,0,0,taobao english option translat english languag english peopl understand chines freeli meant intern community.
74,0,0,new user
75,0,0,job
76,0,0,run edg 7 launch app.... taobao
77,0,0,good for
78,0,0,"love app, phone call pc good microphon send text messag mobil function control pc monitor notif good hate hang phone work phone work"
79,0,0,log . It secur prob
80,0,0,cannot search product favourit store update. pleas asap!!!
81,1,0,"veri sleek performance. the share set bit hassl chang everytim enabl view slide, protect privaci okay. default set set."
82,0,0,"It crashes, refus respond add shop 
bag, work."
83,0,0,"delet pictur ,and site ,thi privaci issu ,along leav open discrimination, bigotri  fair hous ,pleas delet pictur site i'v respond"
84,0,0,love transfer photo phone laptop hunt cable. on improv chang command copi delete.
85,0,0,"user friendli term logist check loop detail, taobao provid link surt websit track record keep.loop .....im time buyer"
86,0,0,love tobget file phone
87,0,0,and e.g  'unfortun googl search stop ' problem devic slow. Or clear data caus problem.  CM security.  it.  It help lot.  thank read this.
88,0,0,"just run i'm like user friendli (so far) sincer this....really! On ya 5+++ star chang glad updat star rate. howev (too roll flow...typ stuff) well carri bright shini 5+++ rating. you word that. alrighti then....great job right?! you betcha! just me, lisa D. rivera am ttfn xo"
89,0,0,"wa wait super long custom simultan download app. As app downloaded, scan passport answer US custom questions. got regular ask secur mobil passport was, direct shorter line, bypass 200 peopl smooth sail customs. It great!"
90,0,0,collect otr station - collect is. highli recommend app.
91,0,0,"So far veri good ! realli thi review should Be taken again In two week ! 
after us much more !"
92,0,0,veri easi use. good
93,0,0,security.  that' count
94,0,0,"A neat app, send phone computer. includ text messages. love"
95,0,0,great. easi use. veri smooth shop experience.
96,0,0,"idea love app. sort thought process squirrel chase nut find. critic review, googl ""workflowi privaci policy""... fantast product."
97,0,0,practic learn apps.
98,0,0,"perfect emergencies/go handsfre wait it/custom servic rep onli reason massiv review yall work closer googl voice, natur beast lol love app account recoveries, breach hipaa/phi/pii ur good go!"
99,0,0,It absolut perfect. the provid access computer.
100,0,0,thi amazing! hate text phone poke finger...now type keyboard!
101,0,0,"useful, seamless practic brainer. must app phone"
102,0,0,"problem upload photo talk seller. asap, caus lot inconveni"
103,0,0,No english translation.
104,0,0,the reason app i'm PC answer phone pit phone stuff answer phone check messag notifications.
105,0,0,"make bui premium messag someone. No contact. even driver licence, ""security"" reasons, charg $14.99, charges. rip- off, idea popular, roomi better."
106,0,0,didn't yet.
107,1,0,password number code worri read notes. If i'm mistaken pattern secur well. it' super easi favorit note color. nice color too. would recommend.
108,0,0,ihi verui app
109,0,0,veri
110,0,0,final dream true. mai perfect appl ecosystem closest android window users.
111,0,0,easi
112,0,0,"the app load pages, refresh times. brows pay, desktop version."
113,0,0,"thi nice app, daili job pc."
114,0,0,"can improv server, load speed slow good internet. No problem app. china app, expand worldwid user world, care user countri too?"
115,0,0,veri app
116,0,0,great work devic updat call text device. make productive.
117,0,1,not enjoi app
118,0,0,"connect, share, manag wifi network app. wifi password addit featur net blocker & phone usag meter. ‚≠êfeatures‚≠ê wifi scanner gener list nearbi wifi network & hotspots. also, secur detail wifi networks."
119,0,0,easi
120,0,0,"this, product helpful, now control call, sms, photo laptop, veri smooth working..."
121,1,1,"the gimp dev thought vnc connect share user profil good idea app hous sensit documents. you liter desktop machin complet accid view user files...lost words...   people, stai massiv data secur risk!"
122,0,0,"access it. open account independ (with privaci issu that), option given: 1) facebook account (I have, one), 2) phone (after ad phone, sm option users... fine), 3) googl account (it start connection, it, i'm post here...). can't app. uninstalled. sorry."
123,0,0,most help secur code retriev
124,0,0,love app easi use! veri handy!
125,0,0,packag track inaccess obscur huge ad. help center complet today. everyth super slow
126,0,0,stuff phone case phone respond
127,0,0,us simpl set up. love app. make life easier.
128,0,0,A app.
129,0,0,great
130,0,0,veri nice
131,0,0,"veri handy, easi"
132,0,1,work perfectli well. while work touch phone send receiv messages.
133,0,0,"thi stop work android devic win 10 pc. support centr india, technic support available. there troubl shoot app windows, run fake secur scan, report unspecifi problem mcafe purchased. the centr clerk want remot control pc attempt diagnos issue. the entir experi stank hack attempt. trust password  coffe maker."
134,0,0,great app. No demand amaz variety. also wonderfulli easi sleep timer.
135,0,0,"good updates, send pictur sellers, search product bought before. switch taobao app version uninstal this."
136,0,0,it' good app help devic threat help stage fright detector kind like i'm super protect phone super extra good secur i'v download lot malwar protect app lookout stage fry amaz good app love app liter meet produc good
137,0,0,"never work ""until todai "" dec 13 2018"" updat presto work flawlessly. send text great app connect win 10 pc. Go microsoft"
138,0,0,great pick phone time working. It addit possibl transfer voic call pc notif phone ring on. all good hope addit possibl future.
139,0,0,"easi use, useful."
140,1,0,"thi app requir facebook login. and facebook permiss uncheck photo list friends. yes, begun brows posts. thi complet shame rape privacy, accept real world. custom human dignity. My impress app such."
141,0,0,ads. not worth time.
142,0,0,love this. My phone pc work now.
143,0,0,"total version good !!!i uninstal it, pleas friendli user categori individu  item ....total hard brows hard time. pleas remak app order futur purchase."
144,0,0,"useless bullshit, regist"
145,0,0,"thi cool 2 lock screen high security!!! üòåüòäüòä thi friend secrets, not phone. veri useful!!! üòâüòäüòåüòäüòâ‚ò∫üòáüòáüòá"
146,0,0,never set profil app crash time access privaci polici OR app term conditions! isn't breach regulations?? how suppos sign for?? sort philips!!
147,0,0,awesom & realli useful.
148,0,0,good. file ad all.
149,0,0,"veri usefull.. your phone unlock passcod phone. might damn phone, hand. serious though, It app. time."
150,0,0,work sending/receiv text messag computer.
151,0,0,it basi keyboard oper comput accessories. the knowledg mobil devic help grasp oper desktop portabl laptop.
152,0,0,"what lead ""no response""? thi kill shop mood!"
153,0,0,veri good
154,0,0,can't understand anything! why don‚äôt english??? what' wrong english?
155,0,0,"good, but app window samsung m21"
156,0,0,great app work together.
157,0,0,We file transfer wifi direct.
158,0,0,like easili access phone content phone hand times!!!
159,0,0,"i'v problem, program, hard switch laptop off. So i'v problem, simpl statement, background noise, meat bone case naugh on."
160,0,1,have yet.
161,0,0,"updat update: thank kant respons updat app. hadn't email featur revision. i'm 5 star creat window version premier user? great app support. updat review below. the app updated. i'm fan icon. It ones. the recipi singl columns. none deal breaker. get it, it! great app text perfect opinion bcc option send emails. thi recipients' email expos unwant person (privacy). great app otherwise. would recommend it."
162,0,0,onli connect phone occasion connect last short time. pleas ongo issue. keep error code 18. updat 12-14-20 after updat fix connect issues. the app stabl now. updat 1-27-21 the issu caus microsoft samsung account linked. unlink work flawlessly. also fix onedr auto camera upload
163,0,0,great app. defecult link easi linked.
164,0,0,us
165,0,0,"easi app connect pc plug in. let' view photos, messag organis them. after plug usb bluetooth dongl phone call pc phone."
166,0,0,help phone clear pictur
167,0,0,"garbage. after enter credit card, order reenter secur code, error check out. the error doe not identifi miss secur code issue. It gener error. the engin work cash register, write code."
168,0,0,easi use! love photo desktop ease!
169,0,0,why french select region canada?
170,0,0,wa pc phone tablet?
171,0,0,phone app good self... samsung internet internet explorer.. googl edge...or chrome bing..it copi cat match thrown option..been good..i'm ..i'm time..but turn experi .I phone companion edg authentication..pc phone diff email work good
172,0,0,work awesom in! love it!
173,0,0,good easi
174,0,0,it' cool hate friend phone privaci time work work good app:)
175,0,0,"HI IM mick J and for the firstim IM learningsom skill ON MY laptop thi app IS veri usefulland knollag would reconmend IT TO all """
176,0,0,"stuck load page,  useless."
177,0,0,just state link concern secur ......
178,1,0,"absolut love abil send sm pc constantli unlock lock devic sm receive. could bit secur though, googl playbook messag app, scan A QR code authent device. open app control device."
179,0,0,"chrome at, long time switch firefox i'v firefox fan final decid chrome shot. that 5 year' i'v push chrome look back. origin love type googl password chang featur secur concern bum lil bit. all #1 browser me."
180,0,0,us app
181,0,0,us handi
182,1,0,"excel app, effici user friend, fast reliable. No issu insecur upload person data becuas safe here."
183,0,0,"jiji.ng site recommend good vehicl buy. on uniqu degre responsiveness. for security, fear. jiji.ng place motors. add vehicles, jimi.ng place. there vehicl anybody' choice. jiji edai keke!!!!"
184,0,0,best app ever!
185,0,0,"view app smartphon window 10 laptop. It save lot time me. more done, organ before. love it!"
186,0,0,app improv time. veri useful.
187,0,0,"there lot choic featur thought execut inexpens subscript ad free listening. mind ads. thi favorit classic radio shows. love categori select too. update, station listen stop plai station load."
188,0,0,"review edited: thi origin 1-star review, frustrat but head app update. the suggest ""pleas updat latest version,"" initi updat *app* -- work frustrated. however, work updat =window app=, android app. onc microsoft store, messag photo phone instantli appear pc. there slight hiccup text list number name -- however, quick reboot phone PC correct that. now working, time yes, app fantastic. keyboard type 110 wpm thumb type 0.3 wph text godsend. be instantli download pic phone hard drive huge convenience. 5/5, wholeheartedli love work app, issues, is: *both* app up-to-date."
189,0,0,it' phone computerized. nifti lol gaget just forget disconnect share pc lol
190,0,0,thought nice designed. trust secur phone. It doesn't.... time pretti useless security. onli nice design. uninstal reliabl app lock phone.
191,0,1,great app present
192,0,0,doesnt displai notifications. 2 unlock phone w/e ur screen 1/2 b4 app kick lock lock screen doesnt happen. doesnt 2 turn live effect & ur select lock screen imag isnt correct size app stretch/contract 2 fit. secur option (pin). ad app annoi OK otherwise.
193,0,0,unfortun admin monitor well. If gunna app monitor peopl monitor it. fake account men pretend women. secur app upload profil pic pictur facial ident proof. pictur proof i.d phone number approved. improvement.
194,0,1,"the app site purchas send ticket! after enter information, send text code phone secur purposes, receiv it. goat speak live person."
195,0,0,"absolut love app. want diari long time cuz forget badly, ordinari ones. magnific app. want ask, chance, map thingi work sometime? lot legal stuff privaci not, interest diari owner country."
196,0,0,old time radio app stai close press paus close phone bring app function kid sleep phone surf net old-tim radio plai loud wake kids.  hate it.  delet game
197,0,0,vwry
198,0,0,"thi good accurate, privaci choic person struggl join unsubscrib time"
199,0,0,veri good
200,0,0,"So good.. enhanc requir featur device's/brand ""huawei"" example, accept"
201,0,0,easi use...
202,0,0,"i'v it, sync devices. but accept input messageease, soft keyboard work fine dozen apps. plu secur issu mention user."
203,1,1,essenti app..i love app...thi app privaci
204,1,0,"problems. are:- 1) ""tax deduction"" menu style difficult handle. 2) ""form download"". 3) maximum mobil show messag ( secur / antiviru app exist mobil ) - ""privaci risk app download "" . 4) need updat app. . otherwis app nice."
205,0,1,"enjoi messag bigger pc's. nicely, thought project that work i'm & about, jot onenote, desktop wait me."
206,1,1,your privaci polici app locat allow locat devic i'm unabl access it... the internet IP address data turn on. So app locat devic access it?
207,1,0,"it' ever--it' crash now.   It freed cabl tv.  however, understand enabl location, watch local channel.  As result, watch wifi privaci app, vpn.   the cloud dvr  good, time.  mind space recordings, free.  samsung galaxi note 5, roku device, comcast wifi, t-mobile."
208,0,0,awesom app microsoft user love
209,0,0,"but good choos weather 4 digit secur multi digit security, design set & final bug friend unlock type pin unlock , upgrad level, reading? hope soon. & notif too!:-)"
210,0,0,"thi great,,,üëåüëåüëå,,,help interm secur"
211,0,0,"anyon hack app. the secur question  is... citi born in, answer freak secur question  tim buck two, but unless you want privaci invaded, DO not download"
212,0,0,it easi wallpap lovely. although secur measur  set case attempt delet app.
213,0,0,"thi app bad. It work. If loop privaci polici page, freezes."
214,0,0,beauti dai deliveri servic rememb receiv email send email list
215,1,0,thi ad privaci invader. don't download it. It work.
216,0,0,gud. conveni use.thank
217,0,0,"it' great read send text messag desktop, make land-lin call desk longer hold phone ear."
218,0,1,thi finest user interfac seemlessli bring mobil dock cheer babe
219,1,0,"not free featur requir subscription. recommend global entri altern $25 year includ precheck. additionally, case app, custom funnel passeng singl baggag claimed, negat time save achieved. edit: To clarify, paid featur justifi cost. security/privaci practic store person info devic encrypted."
220,0,0,"login. enter email, password, secur code, i'm enter email."
221,0,0,It easi good secur app
222,0,0,it lock devic secur it...
223,0,0,veri
224,0,0,it' OK but it kinda useless good feel it!
225,0,0,"compair amazon' app bit complic use. ship cost order. paid order dai later, order wait pai shipping. cost ship 1/3 order! not recommended."
226,1,0,veri good privat notepad secur features. love
227,1,0,"it' run background collect person data. and stopped. onc manual closed, automat start"
228,0,0,"So shop detail written chinese, 
doesn't add shop list! wouldn't taobao 
management english intern shopper 
chines bui product company!?"
229,0,1,"work great update, doesn't work update. tri reinstal times, doubl check privaci settings, clear cache, clear data... and covid easi order panda answer phone. guess i'm order panda app fixed."
230,1,0,"jodel requir googl locat accuraci turn order app. why gp enough? It requir phone permiss account, violat user privaci trust type text confirm code. want hear latest buzz company, uninstal unreason permiss requests."
231,0,0,work intend understand lag initi messag pc. see phone network fast nice glu pc forget phone.
232,0,0,"hello, greatli love app, before. the featur return more. but includ *vault* app strictli person note hate intrus read note glance. additionally, vault vault lock absolut privacy. you includ edit featur app well. userl 5-star premium. thank"
233,0,0,"As now, good, offend photos. everyon chat nice peopl rude extrem messages. keep good qualiti secur app hope video chat"
234,0,0,"i'm '...ha stopped' messag constantly. also, app data does.  edit: they'v long fix drop issues. app work fine, batteri drain warn often. would nice implement english app. still prefer PC version."
235,0,0,"work great, messag send instantly, love it! plu non- intrusive, easi access! thank great, highli function app! definit conveni have, casual work studying, phone, concern miss important, easi ignor important, handl important. As mom, constantli forget grab phone, it. 5*"
236,0,0,nice
237,0,0,"you read review app, instal it. on app ever term productivity. you all function phone work computer."
238,0,0,good. much. but coupl time i'm desktop cell reach.
239,0,0,"great program. It bit twitchi time reliabl me. standard email gmail account text messaging. microsoft effort make stabl respons ""update, reinstall, check set on"". fix people. Or open source."
240,0,0,"veri good window desk user's, app perfectli working."
241,0,0,mostli success predict type laptop
242,0,0,work fine me. googl app photo storage. thi app design share pc phone. on set knowledg understand android window integr
243,0,0,better expected. nice send receiv msg call PC it.
244,0,0,"frustrat contact konstantin issu instruct hesitation: browser available, i'v used! thi beautifulli design browser all, privacy+secur features+customiz belief ""eas use"" factor 2nd (just posit review actual download ratio)! prompt person custom servic minut compar days! DO recommend! big thanks!!"
245,0,0,"To your phone companion app android phone, not call ""your phone companion"" built-in feature. you access quick menu slide 2 finger screen downwards. then option: ""link window"". thi it! click follow instructions. you start your phone app window first... work well."
246,0,0,incred useful! realli PC android close connected appl products. highli recommend! just switch sync data peak performance.
247,0,1,love it-
248,1,0,"It appear opt provid privat (e.g., brush times, whatever) - privaci notoc sharebyour data long want, want? mayb miss something...."
249,0,0,"awesom service, save time secur keepsake."
250,0,0,handi
251,0,1,useless. can account login.
252,1,0,"privaci risk, read privaci note car  efully. intel share person parti servic govt authorities. So judg it, safe store card password here."
253,0,0,"love app!!! it' easi connect, easi use. thank make easier connect."
254,0,0,O download gem
255,0,0,"miss crashing, conflict system instal sd card bypass googl secur instal unknown places, download video app work know, app neat. Be care delet system steal read sd correctly, nice job."
256,0,0,easi pleas app.
257,0,0,"On samsung app hidden, access quick set (icon notifications). otherwis featur great. notif dismiss pc. phone screen pc."
258,0,0,collect tianmo point link web
259,0,0,soon good easi
260,1,0,privaci issu - access contacts? and messag chinese???
261,1,0,privaci issu - access contacts? and messag chinese???
262,0,0,such us app allow PC phone equal us
263,0,0,not work upgrad android 11 samsung ui 3.0. just load blank screen. pl fix.
264,0,0,though chines bit english suck chinese!!!!!
265,0,0,ipad. It work bigger &
266,0,0,work expect basic function
267,0,0,easi use. not experienc features.
268,0,0,amaz applic link phone window great access app window mobile.
269,0,0,excel user friendli
270,0,0,us good
271,0,0,dear microsoft microsoft access viewer android.
272,0,0,"surpris app , fantast"
273,0,0,"gui 5***** app stop restart phone.i click resum function lock app screen .at time press lock button lag obserrv respond.it' secur statu intensified.develop rectifi issue.overall,th app exceptional."
274,0,0,effici useful
275,0,0,veri app
276,0,0,"care not visit aliexpress site shoe seller ""clort footwear store"" terribl site collud seller wrongdoings.i complain aliexpress report reject 9 times.sel delai 11/11 offer enquiri honour discount price mistake.bett avoid site rogu seller."
277,0,1,allow english interface. chinese. allow global debit card credit card visa mastercard alipai too. cannot process list; mobil site. edit: forc close click app.
278,1,0,"recommend read entir term use, privaci content agreement. By app, complet control settings,contact histori content use,share,edit perman delet discretion. imagin think acceptable. suspect peopl unawar agre download app. post 1 star!"
279,1,0,"sling AD choic commerci app. which, collect data well, sell big corpor oracle, googl class action opt-out option appli continu track privacy. there time peopl cell phones. also, anytim receiv 720p resolution. pai best."
280,0,0,easi
281,0,0,most essenti
282,0,0,us
283,0,0,just good
284,0,0,"app phone connect PC helpful. that said, time manag notif lot duplic meet email notif softwar pc."
285,0,0,"solid. on gripe: reason i'm phone sync time (be phone turn off, BT enabled) window secur flag task bar dismiss phone sync properli again. not world, dismiss notif bit pet peeve. It secur issu phone sync instal application,"
286,0,0,veri useful app
287,0,0,"love fact view messag notif computer. My phone stai room charger, everything."
288,0,0,"app can't log in, reset password reset it. after email app temp code (it worked), onlin log password. If reset password temp code, password longer it. not works, secur vulner serou one. until frontier replac app, advis avoid own."
289,0,0,"it' excel set up. can work phone phone room. unfortunately, transfer file phone pc"
290,1,0,thi type converg expect microsoft. samsung microsoft great job continu great work improv product. expect samsung respect privaci bit
291,0,0,us dai day.
292,0,0,useful
293,0,0,us app good
294,0,0,"fantastic,us friendli"
295,0,0,love talk peopl dont phone
296,0,0,veri app busi life...
297,0,0,link phone pc i'm allreadi liken microsoft
298,1,1,the search depth vari good. the parti advertis compani track search target sell data. effect privaci issu convolut nonexistent. but trufal real control search program.
299,1,0,"veri handi schedul multipl sm texts. alwai work advertis (noth more, less), i'm extrem care secur privacy. thi app appear squeeki clean me, year regular use, multipl app updates. google: DO not remov thi app! It bodi spirit app allow continu provid safe, robust option android users. customiz remain featur set android ios."
300,0,0,DO not us thi app IT ha A glare secur hole.
301,0,0,"too scams. you'd paid servic secur account verif optimal, week contact real person renting. and paid premium."
302,0,0,veri
303,1,0,"not gimp. us virtual machin security. ani imag edit upload server. other peopl upload, peopl upload."
304,0,0,thi applic android users. excellent.
305,0,0,how access app?
306,0,0,"It easi , help"
307,0,0,"extrem user friendly, buyer helpful. 6/5!!love app!"
308,1,0,complet useless app. you bombard telemarket pai subscription. lack security. don't instal app.
309,0,0,"paid, premium it. My cell crash reset. 5.99 alot, 75 year disabl ladi fix income. wrote 5 time already. No answer... cheat peopl social security. shame shame you.. what around, around. update, final answer. thei code, NO extra fee. but guess age, load pro version."
310,0,0,"can't overst app is. No juggl devic - streamlin workflow call, text, transfer files, notifications, leav desktop. recent featur reliabl updat huge difference. It occasion issu connect resolv minut two. keep great work!"
311,0,1,"well realli cost Me .. 2 phone thrown through 2 big screen tv' countkess devic ruin hyjacker, and not To mention ruin entir life , becaus abus endur , cost grandpar right life , grandchildren . longer them: becaus lost mind ... when hackatha remot control access , hostil domain takeov sentanc death"
312,1,0,"recent version app intrud privacy, locat permiss requir enabl bluetooth, non-voluntari privaci violation. pleas revert app permissions, daughter sonicare!"
313,0,0,unabl view item store page. It auto store frontpag again. stupid.
314,0,0,usefulli
315,0,0,So useful!
316,0,0,welcom back! motorola phone PC app .. thank
317,0,0,"excel app android iphone, easi set-up easi 2020."
318,1,0,do. not. use. this. it' remot connect singl virtual desktop run style gimp. anyth save save public server view it. Do download. lot secur problem here.
319,0,0,So conveni send text
320,0,0,it good
321,0,0,easi user friendli .
322,0,0,thi uninstal option. It load automat phone restart disabled. accord app info 'by instal app agre microsoft' term privaci policy' did not instal app! dont it! and can not remov it!
323,0,0,ar gui this? So lazi slow react. how embarrassing. ceo cto fire now.
324,0,0,help
325,0,0,"excellent,"
326,0,0,thi brilliant ! wast time email photo work purposes!
327,0,0,easi
328,0,0,help phone effectively.
329,0,0,help share photo messages.
330,1,0,bloodi privaci remind take lot screen rid it. some part websit viewabl that. ecosia hope
331,0,0,It is. fast grow develop security. jiji user friendli reliable.  wld rate higher 5 any. great app! keep make better!
332,0,0,5 star control phone easi
333,0,0,Ok user frendli
334,0,0,alwai
335,0,0,excel app desktop displai confus hard requir simpl demeaneur
336,0,0,give easi access messag text
337,0,0,"when savvy,     i'm not, help this. i'v coupl major disast droid i'v technician fone- tell clue saying. secur know i'v help."
338,0,0,"amaz app, work hassl set huge work check phone."
339,0,0,"onli reason didnt 5 stars, ads. there otger otr app free adds. but enjoi it."
340,0,0,work well. it' nice screen notif unlock phone
341,0,0,"here' downside. it' easi pc, pick phone check text anymore. also, easi type long texts. worse, copi past easily. (tongue-in-cheek) great app!!!!!"
342,0,0,easi
343,0,0,"revis assess application. It clear dev thought work featur set. while care features, fill gap function android back-end googl services. document secur model phone-to-pc link."
344,0,0,transfer photo file easier quicker.
345,0,0,"microsoft have, imo, damag 365. have ppt over... long... client contact unabl open edit offic base doc regular basis. As result... i'v move fulli google. some concern privacy, adds, etc... MS apps. At googl free oppos pai privileg advertis at. excel tool make doc. collabor good be."
346,0,0,great & useful.
347,0,0,"Do app, scammers. all word great room send gener pictur secur deposit room. To contact ad paid subscription. roomster happi charg card week uninstal app continu charg card. cancel subscript google."
348,0,0,us
349,0,0,kinda app..i discov type app instal awayüòöso hard oper lol...whenev open phone password unlock time app shown...it' doubl secur lockü§£
350,0,0,it' super user friendli
351,0,0,excel select otr. current otr app use. other pale comparison.
352,0,0,the version 3.3.1(build 65) unabl view ship address save address. pleas check app update. veri poor QC apps. also taobao address ship supplier item world. No point supplier item sale ship size lithium battery. like recharg hand drill etc.
353,1,0,obsess compulsori stalk app effect hatr confus abduct unlaw psycholog torment traumat brain injur peopl example. A duplic phone privaci individu suspici solo investig countri jurisdict nation continu common uncommon humanely. god godess bless unbless ouvr ce la vie!
354,0,0,A great app for pc user
355,0,0,us
356,1,0,"the app updat chang longer respect android privaci settings. In order schedul curbsid pickup app demand chang set amazon monitor locat 24x7, app use. previous set locat access app use. thi surveil highli disconcerting."
357,0,0,thi app help access PC
358,0,0,yet
359,0,0,"lot poor reviews, i'v app years. the secur breach X girlfriend it. that' pass code. i'm tell is. write passwords, letter leav number sign leav to. you write person type device. just opinion though. work perfectli android 6****"
360,0,0,us
361,1,0,It good applic learn english english languag meet peopl world. It save privaci it. We accept neglect peopl disagre passion
362,0,0,"great experience. onli sahr mobil screen, improv secur password connect etx."
363,0,0,veri cool app easi hide privaci app lock good‚ô•‚ô•‚ô° love app
364,0,0,thank make app laptop mobil connetli microsoft team
365,0,0,user friendli applic
366,0,0,it easi access awesom .it safe
367,0,0,"My favorit onlin shop apps. but ""news"" button contact seller work respond app updat"
368,1,0,get better!!! love progress glad reliable!!
369,0,0,it nice app date We manag account easili and privaci provid awesom
370,0,0,us enjoi app
371,0,0,interest app
372,0,0,it easi use.
373,0,0,"such brilliant app , glad merger,"
374,0,0,"the app work fine. twitter superb donald trump' nonsense. what fun watch implode, first-hand real time. trump damag countri twitter account deactiv ground nation secur then, parti on."
375,0,0,easi
376,0,0,music sound amaz matter devic i'm love security! It app choos access equalizer! love app!
377,0,0,easi access
378,0,0,"easi install, work great far!  love type messag i'm peck phone, occasion messag send twice.  grab pictur phone need plug computer."
379,0,0,app view notif messag phone laptop...
380,1,0,"good app, excellent, secur protocol photo person correspond profile. app love life"
381,0,0,thi app great microsoft users.
382,0,0,"good app. easi use. how, choos delet pictur transfer phone computer, delet it. folder app creates, (i'm told dev) delet on. transfer photo time. would awesom select lot once. It connect smoothli computer, easi - excel interface."
383,0,0,crash caus flicker app
384,0,1,easi excel
385,0,0,"thi app bugs. If exit app brushing, longer guidanc brush cycle. thi annoi phone else, check text message. the app load slowli crash randomli sometimes. also, why doe IT onli let you connect on toothbrush?? seriously?? also reason screenshot ""can't screenshot secur policy"". why??"
386,1,0,veri unpleas experi app total unreliable. upgrad paid premium membership person profil basic detail chang automatically. updat detail everydai hour detail changed. even repeat complaint custom care servic help. chang secur detail password repeatedli issue. will recommend upgrad paid membership. pathet worst experi ever.
387,0,0,galleri lock app nice app secur featur easi
388,1,0,"i'm googl listen convers track happen fingertip devic link common network i'm thank new relev all, free! googl job show relev feed facebook. As privacy, guess trust googl abus it. huawei catch pretti too. hopefulli bar funni specul reasons. haha.. üòö"
389,0,0,veri program! thumb develop program!!
390,0,0,love app. It easi devic now. thank work microsoft android together.
391,0,1,"unabl chat seller, unabl add friend, total"
392,1,0,"...the batteri detail you want w/ the charg info you need... permiss privaci ~secur -onli in-app purchas ***which test app...  NO fake promis IF A batteri dead... ummmm dead:/ (unless phone rooted) No app chang spec 2 improv life... lastly, My li-ion batteri doesn't take pics-whil upload cloud... why media & wifi permissions? cheer great app"
393,0,0,easiest link iv used.. great stuff microsoft
394,1,0,awesom app. thi app lock gallery. thi privaci
395,0,0,"after update, applic start work normally. mobil data link phone work wi-fi (idk why). but work cool)"
396,0,0,love download microsoft applic me.
397,0,0,the featur app limited... thei standardis version devic cellphon version.... not frequently...
398,1,0,"noth ads. No pick lines, privaci invad ads. don't 
install. report google. total scam."
399,0,0,love this. wheb phone screen black dai access lol. life saver
400,0,0,work great! peopl follow instructions. been multipl devic coupl years. never issue. It suppos to. sync perfectli pixel huawei phone . even blackberri hub support . thi perfect companion app. phone stai pocket desk . all notif laptop .
401,0,0,thi app text laptop.
402,0,0,difficult use.connect lost everytim
403,0,0,good  It chines hope english
404,0,0,So easi separ work person list easili
405,0,0,"i'm run beta window 11 insid gem shone blemishes. for set everything, customize, fox kei hen house... veri danger product lightly. fantast"
406,0,0,"My friend unlock mobil security. times, think mistak time unlock mobile."
407,0,0,So app work great! love fact PC receiv messag phone such.
408,0,0,A have! search nativ feel experi pc+android appl user experienc connect devic microsoft android final happen. us surfac book giant phone pretti (screen mirror control).
409,1,0,crash..ask phone.ident refus start if.denied.
410,0,0,love for. transfer
411,0,0,confusing! what app ad link phone microsoft?!
412,0,0,"great app. but, pleas includ kind file (video, pdf, audio etc.) transfer featur phone & pc."
413,0,0,displai dial pad pc.
414,0,0,great far! been bump i'v rotat screen app resiz screen wonder benefici startup grow busi
415,0,0,app good.
416,0,0,wow... such convini devices...
417,0,1,"english plizz, e-stor nice,"
418,0,0,"have week plus, work great xperia xz1 compact (android 9). some option set menu handi customis privaci control. text base notif appl calendar googl calendar feel i'v dumb phone past, app phone ""smart"" again. thank make great app! there annoi bug - notif plai repetit suppos be. from observ trigger event addit notif addit default one. email app creator details."
419,0,0,share whatsapp
420,0,0,veri
421,1,0,"If interest share profil match ? the peopl visit profil mention preferences. and is, regist web site hav contact profil detail send mail approving. mai share detail thm? where hell custom profil secur here?"
422,0,0,easi
423,0,0,strang newer version galaxi store version releas may. doe MS follow samsung practic push updat privaci issues?! ü§î
424,0,0,greatest lot!
425,0,0,"cannot payment option. even displai ship address intermitt problem, displai all. need bug fix"
426,0,0,addit notebook.
427,0,0,anoth great free app microsoft. still familiar works.
428,0,0,thi amazing! stand friend phone screen locker jesu privaci text friend boyfriend...that brat curio make app  50/10
429,0,0,hope android window featur together!
430,0,0,"better ezbui !!!! ship fee lum together, ezbui time"
431,0,0,it' awesom app qualiti product microsoft
432,0,0,just white screen chines text illustration. the app opens. idea happen work.
433,0,0,It app
434,1,1,"it' search engine. ha good featur tweaking. seem search engines. not bad search engine, person privaci lead competitor. it' good, worth download chang corp own engines."
435,0,0,"it' fast, effective, advanced. the driver tip. spoke employe & paid area place SF offend tip. with free ship handling, risk god happen food you, ect (risky). i'd after, privaci chang app personally."
436,0,0,iknow speak  chins chins ?
437,0,0,"It transfer photos, phone PC"
438,0,0,"while app load useful, suppos radar widget. In regard, load data retri attempt fail time. pleas work amazing, app rain viewer good, glitches. (dvlpr note: samsung a50 w/ android 10++ verizon secur updates)"
439,0,0,"make sure you window share set enabl sync work. If want protect privacy. you turn kei featur requir app work. but app knew that, buri microsoft websit 1hr solution. however, sync, abil copi pictur phone document exception convenient."
440,0,0,"take screenshot board pass, app liter log worst time. the board pass work app 1 minut secur agent, turn phone hand secur agent, board pass app confirm number again. take screenshot case!!"
441,0,0,high level secur nice wallpap set homescreen lockscreen
442,0,0,it' ap.
443,0,0,"work good, tricki setup. If android secur (which should) hiccup initi connect phase. onc that, though, work great."
444,0,0,havnt nice cross platform cell pc
445,0,0,veri thingi
446,0,0,great app easi easi set up. what want?
447,0,0,it good time good good work microsoft
448,0,0,onc set - hard - easi work well. prefer size keyboard messages. be access photo easili helps. thank make
449,0,0,great... us pc phone.. great interact
450,0,0,"i'm this, app amazing!!! clean photo secur camera dark. brought pictur look black dot. brought face out. simpli amazing!!!"
451,0,0,need option pin secur
452,0,0,love now. longer abacu crime. don't why???
453,0,0,"thi softwar extrem good , messag seller fix payment , track item payment, suddenli item appear export store , pai export fee, cancel order request refund , pai reject item transport fee , app reject peopl lose monei , extrem recommend peopl app .."
454,0,0,easi load understand.
455,0,0,love
456,0,0,work great. enjoi PC call respond sms.
457,0,0,easi
458,0,0,It work microsoft!
459,0,0,super app
460,0,0,love puppi wallpap puppy's.and secur app too.
461,0,0,fast useful.
462,1,0,It good helpfulli keep privaci .
463,0,0,veri good pc phone
464,0,0,"start earli good data wifi connection. Ft lauderdale, step work submit. then misinform app secur personnel need wife I. you scan passports. don't hit submit until you have ad OR scan all passports, OR you have TO re-add all previou passports. In end, quicker kiosks."
465,0,0,work amaz app pc
466,0,0,simplifi busi person eas use.
467,0,0,"upload document imag secur softwar updated, data usag option-transf file wi-fi switch off. It show -wate network. pl solv isu asap. yes, dai clear data login workin fine now. thank To the support team"
468,0,0,us app.
469,0,0,access app pc
470,1,0,"app regist email prompt wrong password..nowadai lot email. log purchas inform log in... email suspend permanently, regist email, respons mistake, regist email twice? secur issue. recom app anyone. uninstall."
471,1,0,thi app problem. when click area open malici websit continu instal UC browser. It hang app problem mobile. develop secur peopl check app.
472,0,0,secur breach ~ 11street detect camera
473,0,0,"installation, cancel 85%, comment 
dont english, chinese..pleas languag all.."
474,0,0,instal free item game lol
475,0,0,love place order understand read chines ... help?
476,0,0,useful app
477,0,0,"thi app favorit & worthi star ... recently, channel longer work. technic difficulti upgrade. shame, favorit channel longer accessible. thei channel plai comedi ... there. If channel return, gladli adjust rate stars. As now, detective, sci-fi, suspens music, u.s. comedy."
478,1,0,"want this, collect person data comfort. look pretty, privaci important."
479,0,0,"It cool and, you ye you download IT OR els will come TO your hous and download"
480,0,0,"nice app interface, log account PC log googl account app. i'v email custom servic response. the server crash submit error reports. pleas asap."
481,0,0,thi app perman app mobil pc . nice easi .
482,0,0,after download app. Is easi past. My order direct send seller paid bit higher ship fee. but cheaper.
483,0,0,"bad apps, forc apps...i acces pc version"
484,0,0,veri useful Hi
485,0,0,microsoft smart work .. time fantast .. app also microsoft launcher sm organis Is android user ..
486,0,0,veri app
487,0,0,secur set phone order instal app this. not happen
488,0,0,"when share taobao lite app link default taobao 
app, view product link."
489,0,0,everyth central place place well!! love pull phone PC w/o effort visa versa. :) :)
490,0,0,"window everyth imagination, top reason secur , love microsoft windows, answer calls, anywhere. talent advantages."
491,0,0,app. It phone done.
492,0,0,love it. So easier work done...
493,0,0,the share button work more. pleas
494,0,0,"it' bad wee app. sometim ad pain rs, free develop monei how."
495,0,0,hate evertim adversit me..
496,0,0,realli nice option transfer photo phone laptop
497,0,0,best app student offic user app good servic
498,0,0,thi useful app
499,0,0,veri app
500,0,0,"amazing. A slow, phone, app"
501,0,0,So good. return updat review i'v time acquaint interfac connectivity.
502,0,0,"My reliabl app secur 
stronger hijack ppl troubl 
like me... good work google!"
503,0,0,edit visibl user app develop delet
504,0,0,it great messag access word documents.
505,0,0,"plai background, crash, live channel only? but live channel great. onli 100 downloads?"
506,0,0,ani remov advertisements?
507,1,0,4 stars. A free app appear learn easi intuitive. It requir consider access phone - access phone statu storag - leav question privaci app.
508,0,1,work great love transfer photo phone you.
509,0,0,"mozilla  menu  mozilla privaci  mozilla privaci polici  april 15, 2014  your privaci factor mozilla (that' us) consid develop product services. We commit transpar open. thi mozilla privaci polici explain gener receiv you, it. you read product privaci notic faq respect product services."
510,0,0,thi app secur passwords. love rememb password password screen. thei secur die person incharg estat send death certif access!
511,0,0,easi phone
512,0,0,"want app lock individu app passcod device, perfect. work great, effective, more? It free. If app' privacy, need."
513,0,0,log refund. It email password wrong.
514,0,0,"pl bewar bui furnitur want ship offici logist partner. bought marbl dine tabl subsequ warehous refus accept item, fragile. thi state marbl list item shipped. In scramble, china friend altern shipper, paid 300 rmb extra tabl redelivered."
515,0,0,"complain. A repair fixed. i'm refer make call pc, view send webpag phone browser. these possible."
516,0,0,the app connect easili desktop (win11) laptop (win10) . thi app i'v access phone window devices.
517,0,0,great app. need vip screen view pictur movi
518,0,0,"fake profiles, fake profil fake profiles. girl viber information, open messag ""hey, mingle2."" those peopl hack in, big time! block suspect...but matter fake profil coming. the app' secur support job protect paid subscrib malici attacks. most real women southeast asia. don't femal us...99% scammers."
519,0,1,"hidden secur lock application. becuase, locker hide persnol data photo video etc. It complet secur all. that' why, it. thank you."
520,1,0,"ad view day. email them, privaci invaded, continu intrus ad suggestions. suggest pop open ap invasive, avail. calendar ap. everi updat worse. the text small month, search day, fort forth. If enlarge, lose view calendar, zoom"
521,0,0,love app. when text pop computer. No check phone hear text kei board respond.
522,0,0,it' companion app.
523,0,0,"suppos 2 things, share photo sm computer. after fall updat work accounts. also stupid persist icon drain batteri quickly. thi wait year launch. and crapware. couldn't peopl forc peopl it. uninstall! secur hole phone i'm forc phone."
524,1,0,featur app concern secur information. the tell read microsoft privaci statement phone app. for app design send person data devic expect explan secured. for reason recommend app moment.
525,0,0,easi app
526,0,0,it' &
527,0,0,new updat good. now.
528,0,0,new phone lol
529,0,1,"love microsoft! i'm gonna compani name window 360 4 rooms. If 10, join. on comput room. If 15 15 year old, there. you type love os, then plai want, computer. on work area, work. it' peopl start microsoft microsoft sam. If 20 year old, comput everyone. thi compani partner xbox 360. window 10 knock microsoft company. it' xbox 360 kinect startup."
530,1,0,"thi great application, updat requir account upload data. their respons handl ""constant complaint accident lose data"", baloney. thi applic forcefulli spi sell data. shame you! deleted. anyon remot care privaci stai away."
531,0,0,thi better. excit add features.
532,0,0,It excel user friendly. It transfer files.
533,0,0,good app nice featur window 10 pc users. hope function future.
534,0,0,"dai choos item want, cancel order app. took 7 hour realis anywhere. uninstal"
535,0,0,us thi app
536,0,0,It great app use. love
537,0,0,it' time didnt requir wifi work. both phone pc lte requir connect wifi. (edit) thei abil sync mobil data.
538,1,0,feel experi able. observ virtual machin imag upload also. applic great privaci theft possibl great threat images. share pictur applic mind pictur share also.
539,0,0,easi
540,0,0,"As app concerned, care ur security. it U user aware.  It week late notifi user stagefright virus, & left user instal seper app. instead includ update. veri unprofessional. the reason it, cellfon provider' pkg. well, said now!"
541,0,0,secur app close open app lock.th predict futur friend relative. pl enabl leav paragraph too. connect user bore useless
542,0,0,unabl choos pick design conveni store
543,0,0,easi
544,0,0,easi
545,0,0,tool..
546,0,0,more minimum effort.
547,0,0,typic chines app refus work permiss phone calls.
548,0,0,great easili MS app place.
549,0,0,"perfect. mean, It email recovery. not secur questions. So forget secur questions. type code via email"
550,0,0,"disappoint app pnly chinese. If app use, languag includ english language."
551,0,0,ad entertainment. read spirit response; app again. sorri chang mind. 4 station ads. avaibl stations.
552,0,0,easi setup
553,0,0,link window work galaxi s10e latest version (1.21043.54.0 -- window servic 2.2.01.10). with latest version mm content--imag videos--no longer appear messag screen pc. onli text compon mm appears. note: It turn version 1.21043.54.0 samsung galaxi store. the current version (1.21042.140.0) problem -- mm content appear pc.
554,0,0,"new ssmsung G8 surfac laptop (one month old) run 1809. messag phone button accept phone app ass permiss connect pc, pc sy otherwise. there' button message. even reset PC phone instructions.. doesn't work."
555,0,0,easi set
556,0,0,"great PC users, plan improv view control smart phone screen pc."
557,0,0,easi use. good app.
558,0,0,useful!!!
559,0,0,thi app bridg devic most!!!!
560,0,0,doesnt work. red swirl white background. connect test . 3.6meg connect speed (fast stream 720 vid). app simpli doesnt work
561,0,0,"yeah, pretti handy! let' view send sm messag pc."
562,0,0,veri hous weak network signal. just place phone strong signal leav there.
563,0,0,it' stabl bounc free ad
564,0,0,"can't brows store product store, send previou page, plz"
565,0,0,nice apps....veri
566,0,0,"great app , ."
567,1,0,"the app lot phone permission, access ur phone record manag ur phone call. If refuse, app used. taobao invad privaci order bui item. uninstal 5 min installation."
568,1,0,"the app lot phone permission, access ur phone record manag ur phone call. If refuse, app used. taobao invad privaci order bui item. uninstal 5 min installation."
569,0,0,"So ok, part load perfectli wangwang messag sync desktop."
570,0,0,happi fun
571,0,0,i'll 5 star
572,0,0,easi use.
573,0,0,So good. life easier now. you view photo phone. No send pictur email
574,0,0,"the exist app dumb insulting. when download on piec softwar packag bloatwar ""recommend"" bunch crap requir secur set well."
575,0,0,"No useful, lot function available, wrongli proce sea deliveri late receiv goods."
576,1,0,exel apps.secur privaci individu confidence.
577,1,0,"doesn't security. pop-up upgrad phone phone infect viru playstor make imposs shop leisurely.  the time manag bui something, overcharged. after complain email insist correct send snapshot proof. then stop respond follow up.  So unscrupulous!"
578,0,0,bought august arriv refund
579,0,0,"sync lite account actual taobao app phone number regist one. bui registr phone number. issu deal seller, ask kei phone number ""your phone number used"" , worst, fail cancel phone number regist taobao app, reach lite apps."
580,1,0,cuz privaci call good internet interrupt good
581,0,0,mai subscrib store like? hope problem solv soon.
582,0,0,great app
583,0,1,"not privaci polici term unview app (dure sign up). In addition, websit deem insecur malicious, certif expir 230 dai ago. It process data brazil privaci law slacker oversea data. seem suspicious, download app fix"
584,0,0,top notch googl secur easiest user-friendli function
585,0,0,work incred well. plai game PC huge plus.
586,0,0,love it. access android laptop. excellent!
587,0,0,"awesom app, problem difficult type keyboard regist multipl times. dragging-drop feather file share useful..."
588,0,0,vfhy5r
589,0,0,thi great app work fast switch phone brows switch pc second
590,0,0,time rate twenty-seven app instal try. thi kind. thi wonderful.! i'v useful! time valuabl time need. year ago.
591,0,0,veri cool facil
592,0,0,app
593,0,0,unstopp start run background launch alibaba' applications. just origin taobao app. can't download googl plai store.
